{"cameraMode":{"drawMode":0,"name":"Shaded","section":"Shading Mode"},"sceneLighting":true,"audioPlay":false,"sceneViewState":{"showFog":true,"showMaterialUpdate":false,"showSkybox":false,"showFlares":true,"showImageEffects":true,"showParticleSystems":true},"in2DMode":false,"pivot":{"x":-3.8750545978546144,"y":-1.5018993616104127,"z":0.3417091965675354},"rotation":{"x":-0.6623156666755676,"y":0.0008909712196327746,"z":-0.000787409720942378,"w":-0.7492239475250244},"size":28.608488082885743,"orthographic":false}